<?xml version="1.0" encoding="utf-8"?>
<resources>

    <style name="DayButtonStyle">
        <item name="android:layout_width">48dp</item>
        <item name="android:layout_height">48dp</item>
        <item name="android:layout_margin">8dp</item>
        <item name="android:background">@drawable/bg_dy_selector</item>
        <item name="android:backgroundTint">@null</item>
        <item name="android:textColor">#FFFFFF</item>
        <item name="android:textSize">14sp</item>
    </style>


    <style name="HourLine">
        <item name="android:layout_width">match_parent</item>
        <item name="android:layout_height">40dp</item>
        <item name="android:textColor">#CCCCCC</item>
        <item name="android:textSize">12sp</item>
        <item name="android:paddingStart">8dp</item>
    </style>

    <style name="WeekdayStyle">
        <item name="android:layout_width">0dp</item>
        <item name="android:layout_height">match_parent</item>
        <item name="android:layout_weight">1</item>
        <item name="android:gravity">center</item>
        <item name="android:textColor">#888888</item>
        <item name="android:textSize">13sp</item>
    </style>

    <style name="TimeLabelStyle">
        <item name="android:layout_width">40dp</item>
        <item name="android:layout_height">0dp</item>   <item name="android:layout_weight">1</item>    <item name="android:gravity">center</item>
        <item name="android:textColor">#888888</item>
        <item name="android:textSize">12sp</item>
    </style>

</resources>